phase	group	tag	miniapp_used	method	path	path_html	python_status	route_methods	method_compatible	golden_p0	golden_p0_success	auth_required	auth	contract	app	controller	action	desc	file	line
M1	A0-external-callbacks	PAY_NOTIFY	no	UNKNOWN	/api/notify/create_file	/api/notify/create_file.html	implemented	GET,POST	unknown	yes	no	yes	api-token(Userid)	docs/rewrite/contracts/p0/api/notify/create_file.md	api	Notify	create_file		app/api/controller/Notify.php	173
M1	A0-external-callbacks	PAY_NOTIFY	no	UNKNOWN	/api/notify/pay_async_notice	/api/notify/pay_async_notice.html	implemented	POST	unknown	yes	no	no	api-token(Userid)	docs/rewrite/contracts/p0/api/notify/pay_async_notice.md	api	Notify	pay_async_notice		app/api/controller/Notify.php	40
M1	A0-external-callbacks	PAY_NOTIFY	no	UNKNOWN	/api/notify/refund	/api/notify/refund.html	implemented	POST	unknown	yes	no	no	api-token(Userid)	docs/rewrite/contracts/p0/api/notify/refund.md	api	Notify	refund		app/api/controller/Notify.php	102
M1	A0-external-callbacks	OTA_MT	no	UNKNOWN	/meituan/index/captcha	/meituan/index/captcha.html	implemented	GET,POST	unknown	yes	no	yes	meituan(BA-sign)	docs/rewrite/contracts/p0/meituan/index/captcha.md	meituan	Index	captcha		app/meituan/controller/Index.php	487
M1	A0-external-callbacks	OTA_MT	no	UNKNOWN	/meituan/index/change	/meituan/index/change.html	implemented	GET,POST	unknown	yes	no	yes	meituan(BA-sign)	docs/rewrite/contracts/p0/meituan/index/change.md	meituan	Index	change		app/meituan/controller/Index.php	52
M1	A0-external-callbacks	OTA_MT	no	UNKNOWN	/meituan/index/demo	/meituan/index/demo.html	implemented	GET,POST	unknown	yes	no	yes	meituan(BA-sign)	docs/rewrite/contracts/p0/meituan/index/demo.md	meituan	Index	demo		app/meituan/controller/Index.php	60
M1	A0-external-callbacks	OTA_MT	no	POST	/meituan/index/system	/meituan/index/system.html	implemented	POST	yes	yes	yes	yes	meituan(BA-sign)	docs/rewrite/contracts/p0/meituan/index/system.md	meituan	Index	system	返回系统信息	app/meituan/controller/Index.php	459
M1	A0-external-callbacks	OTA_MT	no	POST	/meituan/index/winlogin	/meituan/index/winlogin.html	implemented	POST	yes	yes	no	yes	meituan(BA-sign)	docs/rewrite/contracts/p0/meituan/index/winlogin.md	meituan	Index	winlogin	系统登录接口，返回 token 用于操作需验证身份的接口	app/meituan/controller/Index.php	497
M1	A0-external-callbacks	OTA_MT	no	UNKNOWN	/meituan/ticket/getMt	/meituan/ticket/getMt.html	implemented	GET,POST	unknown	yes	no	no	meituan(BA-sign)	docs/rewrite/contracts/p0/meituan/ticket/getmt.md	meituan	Ticket	getMt		app/meituan/controller/Ticket.php	43
M1	A0-external-callbacks	OTA_MT	no	POST	/meituan/ticket/pay	/meituan/ticket/pay.html	implemented	POST	yes	yes	no	yes	meituan(BA-sign)	docs/rewrite/contracts/p0/meituan/ticket/pay.md	meituan	Ticket	pay	提交订单	app/meituan/controller/Ticket.php	37
M1	A0-external-callbacks	OTA_MT	no	UNKNOWN	/meituan/upload/index	/meituan/upload/index.html	implemented	GET,POST	unknown	yes	no	yes	meituan(BA-sign)	docs/rewrite/contracts/p0/meituan/upload/index.md	meituan	Upload	index		app/meituan/controller/Upload.php	45
M1	A0-external-callbacks	OTA_MT	no	UNKNOWN	/meituan/webupload/index	/meituan/webupload/index.html	implemented	GET,POST	unknown	yes	yes	no	meituan(BA-sign)	docs/rewrite/contracts/p0/meituan/webupload/index.md	meituan	Webupload	index		app/meituan/controller/Webupload.php	45
M1	A0-external-callbacks	OTA_XC	no	UNKNOWN	/xc/index/captcha	/xc/index/captcha.html	implemented	GET,POST	unknown	yes	no	yes	xc(AES+md5-sign)	docs/rewrite/contracts/p0/xc/index/captcha.md	xc	Index	captcha		app/xc/controller/Index.php	92
M1	A0-external-callbacks	OTA_XC	no	UNKNOWN	/xc/index/change	/xc/index/change.html	implemented	GET,POST	unknown	yes	no	no	xc(AES+md5-sign)	docs/rewrite/contracts/p0/xc/index/change.md	xc	Index	change		app/xc/controller/Index.php	51
M1	A0-external-callbacks	OTA_XC	no	POST	/xc/index/system	/xc/index/system.html	implemented	POST	yes	yes	yes	yes	xc(AES+md5-sign)	docs/rewrite/contracts/p0/xc/index/system.md	xc	Index	system	返回系统信息	app/xc/controller/Index.php	64
M1	A0-external-callbacks	OTA_XC	no	POST	/xc/index/winlogin	/xc/index/winlogin.html	implemented	POST	yes	yes	no	yes	xc(AES+md5-sign)	docs/rewrite/contracts/p0/xc/index/winlogin.md	xc	Index	winlogin	系统登录接口，返回 token 用于操作需验证身份的接口	app/xc/controller/Index.php	102
M1	A0-external-callbacks	OTA_XC	no	UNKNOWN	/xc/order/CancelOrder	/xc/order/CancelOrder.html	implemented	GET,POST	unknown	yes	no	yes	xc(AES+md5-sign)	docs/rewrite/contracts/p0/xc/order/cancelorder.md	xc	Order	CancelOrder		app/xc/controller/Order.php	481
M1	A0-external-callbacks	OTA_XC	no	UNKNOWN	/xc/order/CancelPreOrder	/xc/order/CancelPreOrder.html	implemented	GET,POST	unknown	yes	no	yes	xc(AES+md5-sign)	docs/rewrite/contracts/p0/xc/order/cancelpreorder.md	xc	Order	CancelPreOrder		app/xc/controller/Order.php	468
M1	A0-external-callbacks	OTA_XC	no	UNKNOWN	/xc/order/CreatePreOrder	/xc/order/CreatePreOrder.html	implemented	GET,POST	unknown	yes	no	yes	xc(AES+md5-sign)	docs/rewrite/contracts/p0/xc/order/createpreorder.md	xc	Order	CreatePreOrder		app/xc/controller/Order.php	61
M1	A0-external-callbacks	OTA_XC	no	UNKNOWN	/xc/order/DateInventoryModify	/xc/order/DateInventoryModify.html	implemented	GET,POST	unknown	yes	no	yes	xc(AES+md5-sign)	docs/rewrite/contracts/p0/xc/order/dateinventorymodify.md	xc	Order	DateInventoryModify		app/xc/controller/Order.php	675
M1	A0-external-callbacks	OTA_XC	no	UNKNOWN	/xc/order/OrderConsumedNotice	/xc/order/OrderConsumedNotice.html	implemented	GET,POST	unknown	yes	no	no	xc(AES+md5-sign)	docs/rewrite/contracts/p0/xc/order/orderconsumednotice.md	xc	Order	OrderConsumedNotice		app/xc/controller/Order.php	851
M1	A0-external-callbacks	OTA_XC	no	UNKNOWN	/xc/order/OrderTravelNotice	/xc/order/OrderTravelNotice.html	implemented	GET,POST	unknown	yes	no	no	xc(AES+md5-sign)	docs/rewrite/contracts/p0/xc/order/ordertravelnotice.md	xc	Order	OrderTravelNotice		app/xc/controller/Order.php	840
M1	A0-external-callbacks	OTA_XC	no	UNKNOWN	/xc/order/PayPreOrder	/xc/order/PayPreOrder.html	implemented	GET,POST	unknown	yes	no	yes	xc(AES+md5-sign)	docs/rewrite/contracts/p0/xc/order/paypreorder.md	xc	Order	PayPreOrder		app/xc/controller/Order.php	361
M1	A0-external-callbacks	OTA_XC	no	UNKNOWN	/xc/order/QueryOrder	/xc/order/QueryOrder.html	implemented	GET,POST	unknown	yes	no	yes	xc(AES+md5-sign)	docs/rewrite/contracts/p0/xc/order/queryorder.md	xc	Order	QueryOrder		app/xc/controller/Order.php	589
M1	A0-external-callbacks	OTA_XC	no	UNKNOWN	/xc/order/VerifyOrder	/xc/order/VerifyOrder.html	implemented	GET,POST	unknown	yes	no	yes	xc(AES+md5-sign)	docs/rewrite/contracts/p0/xc/order/verifyorder.md	xc	Order	VerifyOrder	描述：下单验证接口在客人下单时提前将下单信息提交给供应商系统进行校验，及时告知客人是否可以预定成功，有助于提高订单预定成功率和提升客人预定体验。	app/xc/controller/Order.php	719
M1	A0-external-callbacks	OTA_XC	no	UNKNOWN	/xc/order/accept	/xc/order/accept.html	implemented	GET,POST	unknown	yes	no	yes	xc(AES+md5-sign)	docs/rewrite/contracts/p0/xc/order/accept.md	xc	Order	accept		app/xc/controller/Order.php	56
M1	A0-external-callbacks	OTA_XC	no	UNKNOWN	/xc/order/testGetOrder	/xc/order/testGetOrder.html	implemented	GET,POST	unknown	yes	no	no	xc(AES+md5-sign)	docs/rewrite/contracts/p0/xc/order/testgetorder.md	xc	Order	testGetOrder		app/xc/controller/Order.php	860
M1	A0-external-callbacks	OTA_XC	no	UNKNOWN	/xc/ticket/OrderRefund	/xc/ticket/OrderRefund.html	implemented	GET,POST	unknown	yes	no	yes	xc(AES+md5-sign)	docs/rewrite/contracts/p0/xc/ticket/orderrefund.md	xc	Ticket	OrderRefund		app/xc/controller/Ticket.php	486
M1	A0-external-callbacks	OTA_XC	no	UNKNOWN	/xc/ticket/OrderRefundDetail	/xc/ticket/OrderRefundDetail.html	implemented	GET,POST	unknown	yes	no	yes	xc(AES+md5-sign)	docs/rewrite/contracts/p0/xc/ticket/orderrefunddetail.md	xc	Ticket	OrderRefundDetail		app/xc/controller/Ticket.php	336
M1	A0-external-callbacks	OTA_XC	no	POST	/xc/ticket/detail	/xc/ticket/detail.html	implemented	POST	yes	yes	no	yes	xc(AES+md5-sign)	docs/rewrite/contracts/p0/xc/ticket/detail.md	xc	Ticket	detail	订单详情	app/xc/controller/Ticket.php	672
M1	A0-external-callbacks	OTA_XC	no	UNKNOWN	/xc/ticket/getTicketPirce	/xc/ticket/getTicketPirce.html	implemented	GET,POST	unknown	yes	no	yes	xc(AES+md5-sign)	docs/rewrite/contracts/p0/xc/ticket/getticketpirce.md	xc	Ticket	getTicketPirce		app/xc/controller/Ticket.php	563
M1	A0-external-callbacks	OTA_XC	no	POST	/xc/ticket/list	/xc/ticket/list.html	implemented	POST	yes	yes	no	yes	xc(AES+md5-sign)	docs/rewrite/contracts/p0/xc/ticket/list.md	xc	Ticket	list	获取订单列表	app/xc/controller/Ticket.php	604
M1	A0-external-callbacks	OTA_XC	no	POST	/xc/ticket/pay	/xc/ticket/pay.html	implemented	POST	yes	yes	no	yes	xc(AES+md5-sign)	docs/rewrite/contracts/p0/xc/ticket/pay.md	xc	Ticket	pay	提交订单	app/xc/controller/Ticket.php	51
M1	A0-external-callbacks	OTA_XC	no	POST	/xc/ticket/refund	/xc/ticket/refund.html	implemented	POST	yes	yes	no	yes	xc(AES+md5-sign)	docs/rewrite/contracts/p0/xc/ticket/refund.md	xc	Ticket	refund	提交退款整单退款	app/xc/controller/Ticket.php	421
M1	A0-external-callbacks	OTA_XC	no	POST	/xc/ticket/single_refund	/xc/ticket/single_refund.html	implemented	POST	yes	yes	no	yes	xc(AES+md5-sign)	docs/rewrite/contracts/p0/xc/ticket/single_refund.md	xc	Ticket	single_refund	提交退款整单退款	app/xc/controller/Ticket.php	247
M1	A0-external-callbacks	OTA_XC	no	POST	/xc/ticket/stats	/xc/ticket/stats.html	implemented	POST	yes	yes	no	no	xc(AES+md5-sign)	docs/rewrite/contracts/p0/xc/ticket/stats.md	xc	Ticket	stats	报表统计	app/xc/controller/Ticket.php	702
M1	A0-external-callbacks	OTA_XC	no	UNKNOWN	/xc/upload/index	/xc/upload/index.html	implemented	GET,POST	unknown	yes	no	yes	xc(AES+md5-sign)	docs/rewrite/contracts/p0/xc/upload/index.md	xc	Upload	index		app/xc/controller/Upload.php	45
M1	A0-external-callbacks	OTA_XC	no	UNKNOWN	/xc/webupload/index	/xc/webupload/index.html	implemented	GET,POST	unknown	yes	yes	no	xc(AES+md5-sign)	docs/rewrite/contracts/p0/xc/webupload/index.md	xc	Webupload	index		app/xc/controller/Webupload.php	45
M1	A1-money	PAY_API	no	UNKNOWN	/api/pay/OrderRefund	/api/pay/OrderRefund.html	implemented	GET,POST	unknown	yes	no	yes	api-token(Userid)	docs/rewrite/contracts/p0/api/pay/orderrefund.md	api	Pay	OrderRefund		app/api/controller/Pay.php	255
M1	A1-money	PAY_API	no	UNKNOWN	/api/pay/aaa	/api/pay/aaa.html	implemented	GET,POST	unknown	yes	no	no	api-token(Userid)	docs/rewrite/contracts/p0/api/pay/aaa.md	api	Pay	aaa		app/api/controller/Pay.php	36
M1	A1-money	PAY_API	yes	POST	/api/pay/refund	/api/pay/refund.html	implemented	POST	yes	yes	no	yes	api-token(Userid)	docs/rewrite/contracts/p0/api/pay/refund.md	api	Pay	refund	提交退款	app/api/controller/Pay.php	199
M1	A1-money	PAY_API	no	UNKNOWN	/api/pay/regressionStock	/api/pay/regressionStock.html	implemented	GET,POST	unknown	yes	no	yes	api-token(Userid)	docs/rewrite/contracts/p0/api/pay/regressionstock.md	api	Pay	regressionStock		app/api/controller/Pay.php	281
M1	A1-money	PAY_API	yes	POST	/api/pay/submit	/api/pay/submit.html	implemented	POST	yes	yes	yes	yes	api-token(Userid)	docs/rewrite/contracts/p0/api/pay/submit.md	api	Pay	submit	提交订单	app/api/controller/Pay.php	44
M1	A1-money	REFUND	no	UNKNOWN	/api/ticket/OrderRefund	/api/ticket/OrderRefund.html	implemented	GET,POST	unknown	yes	no	yes	api-token(Userid)	docs/rewrite/contracts/p0/api/ticket/orderrefund.md	api	Ticket	OrderRefund		app/api/controller/Ticket.php	883
M1	A1-money	REFUND	no	UNKNOWN	/api/ticket/OrderRefundDetail	/api/ticket/OrderRefundDetail.html	implemented	GET,POST	unknown	yes	no	yes	api-token(Userid)	docs/rewrite/contracts/p0/api/ticket/orderrefunddetail.md	api	Ticket	OrderRefundDetail		app/api/controller/Ticket.php	756
M1	A1-money	REFUND	yes	UNKNOWN	/api/ticket/cancelRefund	/api/ticket/cancelRefund.html	implemented	POST	unknown	yes	no	yes	api-token(Userid)	docs/rewrite/contracts/p0/api/ticket/cancelrefund.md	api	Ticket	cancelRefund		app/api/controller/Ticket.php	1973
M1	A1-money	REFUND	yes	UNKNOWN	/api/ticket/getRefundLogDetail	/api/ticket/getRefundLogDetail.html	implemented	GET	unknown	yes	no	yes	api-token(Userid)	docs/rewrite/contracts/p0/api/ticket/getrefundlogdetail.md	api	Ticket	getRefundLogDetail		app/api/controller/Ticket.php	1938
M1	A1-money	REFUND	yes	UNKNOWN	/api/ticket/getRefundLogList	/api/ticket/getRefundLogList.html	implemented	GET	unknown	yes	yes	yes	api-token(Userid)	docs/rewrite/contracts/p0/api/ticket/getrefundloglist.md	api	Ticket	getRefundLogList		app/api/controller/Ticket.php	1892
M1	A1-money	REFUND	no	UNKNOWN	/api/ticket/notify_refund	/api/ticket/notify_refund.html	implemented	POST	unknown	yes	no	no	api-token(Userid)	docs/rewrite/contracts/p0/api/ticket/notify_refund.md	api	Ticket	notify_refund		app/api/controller/Ticket.php	1008
M1	A1-money	REFUND	yes	POST	/api/ticket/refund	/api/ticket/refund.html	implemented	POST	yes	yes	no	yes	api-token(Userid)	docs/rewrite/contracts/p0/api/ticket/refund.md	api	Ticket	refund	提交退款整单退款	app/api/controller/Ticket.php	802
M1	A1-money	REFUND	yes	POST	/api/ticket/single_refund	/api/ticket/single_refund.html	implemented	POST	yes	yes	no	yes	api-token(Userid)	docs/rewrite/contracts/p0/api/ticket/single_refund.md	api	Ticket	single_refund	提交退款整单退款	app/api/controller/Ticket.php	660
M1	A1-money	REFUND	no	POST	/window/ticket/refund	/window/ticket/refund.html	implemented	POST	yes	yes	no	yes	window-token(Uuid)	docs/rewrite/contracts/p0/window/ticket/refund.md	window	Ticket	refund	提交退款整单退款	app/window/controller/Ticket.php	280
M1	A1-money	REFUND	no	POST	/window/ticket/single_refund	/window/ticket/single_refund.html	implemented	POST	yes	yes	no	yes	window-token(Uuid)	docs/rewrite/contracts/p0/window/ticket/single_refund.md	window	Ticket	single_refund	提交退款整单退款	app/window/controller/Ticket.php	249
M1	A2-identity-upload	AUTH_LOGIN	yes	POST	/api/index/getuserphonenumber	/api/index/getuserphonenumber.html	implemented	POST	yes	yes	no	no	api-token(Userid)	docs/rewrite/contracts/p0/api/index/getuserphonenumber.md	api	Index	getuserphonenumber	系统登录接口，返回 token 用于操作需验证身份的接口	app/api/controller/Index.php	133
M1	A2-identity-upload	AUTH_LOGIN	no	POST	/api/index/miniwxlogin	/api/index/miniwxlogin.html	implemented	POST	yes	yes	no	no	api-token(Userid)	docs/rewrite/contracts/p0/api/index/miniwxlogin.md	api	Index	miniwxlogin	系统登录接口，返回 token 用于操作需验证身份的接口	app/api/controller/Index.php	172
M1	A2-identity-upload	UPLOAD	no	UNKNOWN	/api/upload/index	/api/upload/index.html	implemented	GET,OPTIONS,POST	unknown	yes	yes	yes	api-token(Userid)	docs/rewrite/contracts/p0/api/upload/index.md	api	Upload	index		app/api/controller/Upload.php	45
M1	A2-identity-upload	SMS_ID	yes	UNKNOWN	/api/user/auth_identity	/api/user/auth_identity.html	implemented	POST	unknown	yes	yes	yes	api-token(Userid)	docs/rewrite/contracts/p0/api/user/auth_identity.md	api	User	auth_identity		app/api/controller/User.php	1167
M1	A2-identity-upload	SMS_ID	yes	UNKNOWN	/api/user/auth_info	/api/user/auth_info.html	implemented	POST	unknown	yes	yes	no	api-token(Userid)	docs/rewrite/contracts/p0/api/user/auth_info.md	api	User	auth_info		app/api/controller/User.php	82
M1	A2-identity-upload	AUTH_LOGIN	no	UNKNOWN	/api/user/miniwxregister	/api/user/miniwxregister.html	implemented	POST	unknown	yes	no	no	api-token(Userid)	docs/rewrite/contracts/p0/api/user/miniwxregister.md	api	User	miniwxregister		app/api/controller/User.php	1390
M1	A2-identity-upload	SMS_ID	yes	UNKNOWN	/api/user/smsVerification	/api/user/smsVerification.html	implemented	POST	unknown	yes	yes	yes	api-token(Userid)	docs/rewrite/contracts/p0/api/user/smsverification.md	api	User	smsVerification		app/api/controller/User.php	1644
M1	A2-identity-upload	UPLOAD	no	UNKNOWN	/api/webupload/index	/api/webupload/index.html	implemented	GET,OPTIONS,POST	unknown	yes	yes	no	api-token(Userid)	docs/rewrite/contracts/p0/api/webupload/index.md	api	Webupload	index		app/api/controller/Webupload.php	45
M1	A2-identity-upload	UPLOAD	no	UNKNOWN	/selfservice/upload/index	/selfservice/upload/index.html	implemented	GET,OPTIONS,POST	unknown	yes	yes	yes	selfservice-token(No)	docs/rewrite/contracts/p0/selfservice/upload/index.md	selfservice	Upload	index		app/selfservice/controller/Upload.php	45
M1	A2-identity-upload	UPLOAD	no	UNKNOWN	/selfservice/webupload/index	/selfservice/webupload/index.html	implemented	GET,OPTIONS,POST	unknown	yes	yes	no	selfservice-token(No)	docs/rewrite/contracts/p0/selfservice/webupload/index.md	selfservice	Webupload	index		app/selfservice/controller/Webupload.php	45
M1	A2-identity-upload	UPLOAD	no	UNKNOWN	/window/upload/index	/window/upload/index.html	implemented	GET,OPTIONS,POST	unknown	yes	no	yes	window-token(Uuid)	docs/rewrite/contracts/p0/window/upload/index.md	window	Upload	index		app/window/controller/Upload.php	45
M1	A2-identity-upload	UPLOAD	no	UNKNOWN	/window/webupload/index	/window/webupload/index.html	implemented	GET,OPTIONS,POST	unknown	yes	no	no	window-token(Uuid)	docs/rewrite/contracts/p0/window/webupload/index.md	window	Webupload	index		app/window/controller/Webupload.php	45
M2	B1-miniapp	BUSINESS	yes	UNKNOWN	/api/appt/cancelAppt	/api/appt/cancelAppt.html	implemented	GET,POST	unknown	yes	no	yes	api-token(Userid)	docs/rewrite/contracts/p0/api/appt/cancelappt.md	api	Appt	cancelAppt		app/api/controller/Appt.php	349
M2	B1-miniapp	BUSINESS	yes	UNKNOWN	/api/appt/createAppt	/api/appt/createAppt.html	implemented	GET,POST	unknown	yes	no	yes	api-token(Userid)	docs/rewrite/contracts/p0/api/appt/createappt.md	api	Appt	createAppt		app/api/controller/Appt.php	87
M2	B1-miniapp	BUSINESS	yes	UNKNOWN	/api/appt/getDatetime	/api/appt/getDatetime.html	implemented	GET,POST	unknown	yes	yes	no	api-token(Userid)	docs/rewrite/contracts/p0/api/appt/getdatetime.md	api	Appt	getDatetime		app/api/controller/Appt.php	45
M2	B1-miniapp	BUSINESS	yes	UNKNOWN	/api/appt/getDetail	/api/appt/getDetail.html	implemented	GET,POST	unknown	yes	no	yes	api-token(Userid)	docs/rewrite/contracts/p0/api/appt/getdetail.md	api	Appt	getDetail		app/api/controller/Appt.php	235
M2	B1-miniapp	BUSINESS	yes	UNKNOWN	/api/appt/getList	/api/appt/getList.html	implemented	GET,POST	unknown	yes	yes	yes	api-token(Userid)	docs/rewrite/contracts/p0/api/appt/getlist.md	api	Appt	getList		app/api/controller/Appt.php	213
M2	B1-miniapp	BUSINESS	yes	UNKNOWN	/api/appt/writeOff	/api/appt/writeOff.html	implemented	GET,POST	unknown	yes	no	yes	api-token(Userid)	docs/rewrite/contracts/p0/api/appt/writeoff.md	api	Appt	writeOff		app/api/controller/Appt.php	249
M2	B1-miniapp	BUSINESS	yes	UNKNOWN	/api/coupon/applicableto	/api/coupon/applicableto.html	implemented	GET,POST	unknown	yes	no	no	api-token(Userid)	docs/rewrite/contracts/p0/api/coupon/applicableto.md	api	Coupon	applicableto		app/api/controller/Coupon.php	772
M2	B1-miniapp	BUSINESS	yes	UNKNOWN	/api/coupon/applicabletoV2	/api/coupon/applicabletoV2.html	implemented	GET,POST	unknown	yes	no	no	api-token(Userid)	docs/rewrite/contracts/p0/api/coupon/applicabletov2.md	api	Coupon	applicabletoV2		app/api/controller/Coupon.php	709
M2	B1-miniapp	BUSINESS	yes	UNKNOWN	/api/coupon/detail	/api/coupon/detail.html	implemented	GET,POST	unknown	yes	no	no	api-token(Userid)	docs/rewrite/contracts/p0/api/coupon/detail.md	api	Coupon	detail		app/api/controller/Coupon.php	593
M2	B1-miniapp	BUSINESS	yes	UNKNOWN	/api/coupon/encryptAES	/api/coupon/encryptAES.html	implemented	GET,POST	unknown	yes	no	yes	api-token(Userid)	docs/rewrite/contracts/p0/api/coupon/encryptaes.md	api	Coupon	encryptAES		app/api/controller/Coupon.php	1378
M2	B1-miniapp	BUSINESS	yes	UNKNOWN	/api/coupon/getUserCouponRecordList	/api/coupon/getUserCouponRecordList.html	implemented	GET,POST	unknown	yes	no	yes	api-token(Userid)	docs/rewrite/contracts/p0/api/coupon/getusercouponrecordlist.md	api	Coupon	getUserCouponRecordList		app/api/controller/Coupon.php	1489
M2	B1-miniapp	BUSINESS	yes	UNKNOWN	/api/coupon/idtocoupon	/api/coupon/idtocoupon.html	implemented	GET,POST	unknown	yes	no	yes	api-token(Userid)	docs/rewrite/contracts/p0/api/coupon/idtocoupon.md	api	Coupon	idtocoupon		app/api/controller/Coupon.php	1337
M2	B1-miniapp	BUSINESS	yes	UNKNOWN	/api/coupon/index	/api/coupon/index.html	implemented	GET,POST	unknown	yes	yes	no	api-token(Userid)	docs/rewrite/contracts/p0/api/coupon/index.md	api	Coupon	index		app/api/controller/Coupon.php	44
M2	B1-miniapp	BUSINESS	yes	UNKNOWN	/api/coupon/receive	/api/coupon/receive.html	implemented	GET,POST	unknown	yes	no	yes	api-token(Userid)	docs/rewrite/contracts/p0/api/coupon/receive.md	api	Coupon	receive		app/api/controller/Coupon.php	278
M2	B1-miniapp	BUSINESS	yes	UNKNOWN	/api/coupon/tempApi	/api/coupon/tempApi.html	implemented	GET,POST	unknown	yes	yes	no	api-token(Userid)	docs/rewrite/contracts/p0/api/coupon/tempapi.md	api	Coupon	tempApi		app/api/controller/Coupon.php	92
M2	B1-miniapp	BUSINESS	yes	UNKNOWN	/api/coupon/writeoff	/api/coupon/writeoff.html	implemented	GET,POST	unknown	yes	no	yes	api-token(Userid)	docs/rewrite/contracts/p0/api/coupon/writeoff.md	api	Coupon	writeoff		app/api/controller/Coupon.php	923
M2	B1-miniapp	BUSINESS	yes	UNKNOWN	/api/coupon/writeoffdetail	/api/coupon/writeoffdetail.html	implemented	GET,POST	unknown	yes	no	yes	api-token(Userid)	docs/rewrite/contracts/p0/api/coupon/writeoffdetail.md	api	Coupon	writeoffdetail		app/api/controller/Coupon.php	1253
M2	B1-miniapp	BUSINESS	yes	UNKNOWN	/api/coupon/writeofflog	/api/coupon/writeofflog.html	implemented	GET,POST	unknown	yes	no	yes	api-token(Userid)	docs/rewrite/contracts/p0/api/coupon/writeofflog.md	api	Coupon	writeofflog		app/api/controller/Coupon.php	1207
M2	B1-miniapp	BUSINESS	yes	POST	/api/index/note_detail	/api/index/note_detail.html	implemented	GET,POST	yes	yes	yes	no	api-token(Userid)	docs/rewrite/contracts/p0/api/index/note_detail.md	api	Index	note_detail	公告详情	app/api/controller/Index.php	292
M2	B1-miniapp	BUSINESS	yes	POST	/api/index/note_list	/api/index/note_list.html	implemented	POST	yes	yes	yes	no	api-token(Userid)	docs/rewrite/contracts/p0/api/index/note_list.md	api	Index	note_list	公告列表	app/api/controller/Index.php	276
M2	B1-miniapp	BUSINESS	yes	POST	/api/index/system	/api/index/system.html	implemented	POST	yes	yes	yes	no	api-token(Userid)	docs/rewrite/contracts/p0/api/index/system.md	api	Index	system	返回系统信息	app/api/controller/Index.php	91
M2	B1-miniapp	BUSINESS	yes	POST	/api/index/transform	/api/index/transform.html	implemented	POST	yes	yes	no	yes	api-token(Userid)	docs/rewrite/contracts/p0/api/index/transform.md	api	Index	transform	返回区域列表	app/api/controller/Index.php	334
M2	B1-miniapp	BUSINESS	yes	POST	/api/seller/cate	/api/seller/cate.html	implemented	POST	yes	yes	yes	no	api-token(Userid)	docs/rewrite/contracts/p0/api/seller/cate.md	api	Seller	cate	返回商家分类	app/api/controller/Seller.php	30
M2	B1-miniapp	BUSINESS	yes	POST	/api/seller/detail	/api/seller/detail.html	implemented	GET,POST	yes	yes	no	no	api-token(Userid)	docs/rewrite/contracts/p0/api/seller/detail.md	api	Seller	detail	返回商家详细信息	app/api/controller/Seller.php	114
M2	B1-miniapp	BUSINESS	yes	POST	/api/seller/list	/api/seller/list.html	implemented	POST	yes	yes	yes	no	api-token(Userid)	docs/rewrite/contracts/p0/api/seller/list.md	api	Seller	list	返回商家信息	app/api/controller/Seller.php	48
M2	B1-miniapp	BUSINESS	yes	POST	/api/seller/search	/api/seller/search.html	implemented	GET,POST	yes	yes	yes	yes	api-token(Userid)	docs/rewrite/contracts/p0/api/seller/search.md	api	Seller	search	返回商家信息	app/api/controller/Seller.php	192
M2	B1-miniapp	BUSINESS	yes	UNKNOWN	/api/ticket/getCommentList	/api/ticket/getCommentList.html	implemented	GET	unknown	yes	yes	no	api-token(Userid)	docs/rewrite/contracts/p0/api/ticket/getcommentlist.md	api	Ticket	getCommentList		app/api/controller/Ticket.php	1315
M2	B1-miniapp	BUSINESS	yes	UNKNOWN	/api/ticket/getOrderDetail	/api/ticket/getOrderDetail.html	implemented	GET,POST	unknown	yes	no	yes	api-token(Userid)	docs/rewrite/contracts/p0/api/ticket/getorderdetail.md	api	Ticket	getOrderDetail		app/api/controller/Ticket.php	1387
M2	B1-miniapp	BUSINESS	yes	UNKNOWN	/api/ticket/getOrderDetailDetail	/api/ticket/getOrderDetailDetail.html	implemented	GET,POST	unknown	yes	no	yes	api-token(Userid)	docs/rewrite/contracts/p0/api/ticket/getorderdetaildetail.md	api	Ticket	getOrderDetailDetail		app/api/controller/Ticket.php	1865
M2	B1-miniapp	BUSINESS	yes	UNKNOWN	/api/ticket/getOrderList	/api/ticket/getOrderList.html	implemented	GET	unknown	yes	yes	yes	api-token(Userid)	docs/rewrite/contracts/p0/api/ticket/getorderlist.md	api	Ticket	getOrderList		app/api/controller/Ticket.php	1344
M2	B1-miniapp	BUSINESS	yes	UNKNOWN	/api/ticket/getScenicList	/api/ticket/getScenicList.html	implemented	GET	unknown	yes	yes	no	api-token(Userid)	docs/rewrite/contracts/p0/api/ticket/getsceniclist.md	api	Ticket	getScenicList	返回景区列表信息	app/api/controller/Ticket.php	1193
M2	B1-miniapp	BUSINESS	yes	UNKNOWN	/api/ticket/getTicketList	/api/ticket/getTicketList.html	implemented	GET,POST	unknown	yes	yes	no	api-token(Userid)	docs/rewrite/contracts/p0/api/ticket/getticketlist.md	api	Ticket	getTicketList		app/api/controller/Ticket.php	1123
M2	B1-miniapp	BUSINESS	yes	UNKNOWN	/api/ticket/getTicketPirce	/api/ticket/getTicketPirce.html	implemented	GET,POST	unknown	yes	yes	no	api-token(Userid)	docs/rewrite/contracts/p0/api/ticket/getticketpirce.md	api	Ticket	getTicketPirce		app/api/controller/Ticket.php	1153
M2	B1-miniapp	BUSINESS	yes	UNKNOWN	/api/ticket/orderpay	/api/ticket/orderpay.html	implemented	POST	unknown	yes	no	yes	api-token(Userid)	docs/rewrite/contracts/p0/api/ticket/orderpay.md	api	Ticket	orderpay		app/api/controller/Ticket.php	266
M2	B1-miniapp	BUSINESS	yes	POST	/api/ticket/pay	/api/ticket/pay.html	implemented	GET,POST	yes	yes	no	yes	api-token(Userid)	docs/rewrite/contracts/p0/api/ticket/pay.md	api	Ticket	pay	提交订单	app/api/controller/Ticket.php	63
M2	B1-miniapp	BUSINESS	yes	UNKNOWN	/api/ticket/writeComment	/api/ticket/writeComment.html	implemented	GET,POST	unknown	yes	no	yes	api-token(Userid)	docs/rewrite/contracts/p0/api/ticket/writecomment.md	api	Ticket	writeComment		app/api/controller/Ticket.php	1255
M2	B1-miniapp	BUSINESS	yes	UNKNOWN	/api/ticket/writeOff	/api/ticket/writeOff.html	implemented	GET,POST	unknown	yes	no	yes	api-token(Userid)	docs/rewrite/contracts/p0/api/ticket/writeoff.md	api	Ticket	writeOff		app/api/controller/Ticket.php	1427
M2	B1-miniapp	BUSINESS	yes	POST	/api/user/clock	/api/user/clock.html	implemented	GET,POST	yes	yes	no	yes	api-token(Userid)	docs/rewrite/contracts/p0/api/user/clock.md	api	User	clock	游客打卡	app/api/controller/User.php	758
M2	B1-miniapp	BUSINESS	yes	POST	/api/user/clock_list	/api/user/clock_list.html	implemented	GET,POST	yes	yes	no	yes	api-token(Userid)	docs/rewrite/contracts/p0/api/user/clock_list.md	api	User	clock_list	获取用户核销记录 = 打卡记录	app/api/controller/User.php	665
M2	B1-miniapp	BUSINESS	yes	POST	/api/user/collection	/api/user/collection.html	implemented	GET,POST	yes	yes	no	yes	api-token(Userid)	docs/rewrite/contracts/p0/api/user/collection.md	api	User	collection	用户收藏商家列表	app/api/controller/User.php	228
M2	B1-miniapp	BUSINESS	yes	POST	/api/user/collection_action	/api/user/collection_action.html	implemented	GET,POST	yes	yes	yes	yes	api-token(Userid)	docs/rewrite/contracts/p0/api/user/collection_action.md	api	User	collection_action	取消&收藏	app/api/controller/User.php	294
M2	B1-miniapp	BUSINESS	yes	POST	/api/user/coupon_issue_user	/api/user/coupon_issue_user.html	implemented	GET,POST	yes	yes	yes	yes	api-token(Userid)	docs/rewrite/contracts/p0/api/user/coupon_issue_user.md	api	User	coupon_issue_user	消费券--我的领取记录	app/api/controller/User.php	194
M2	B1-miniapp	BUSINESS	yes	POST	/api/user/coupon_order	/api/user/coupon_order.html	implemented	GET,POST	yes	yes	yes	yes	api-token(Userid)	docs/rewrite/contracts/p0/api/user/coupon_order.md	api	User	coupon_order	用户订单	app/api/controller/User.php	1060
M2	B1-miniapp	BUSINESS	yes	POST	/api/user/coupon_order_detail	/api/user/coupon_order_detail.html	implemented	GET,POST	yes	yes	yes	yes	api-token(Userid)	docs/rewrite/contracts/p0/api/user/coupon_order_detail.md	api	User	coupon_order_detail	用户订单详情	app/api/controller/User.php	1100
M2	B1-miniapp	BUSINESS	yes	UNKNOWN	/api/user/delTourist	/api/user/delTourist.html	implemented	GET,POST	unknown	yes	yes	yes	api-token(Userid)	docs/rewrite/contracts/p0/api/user/deltourist.md	api	User	delTourist		app/api/controller/User.php	1614
M2	B1-miniapp	BUSINESS	yes	POST	/api/user/edit	/api/user/edit.html	implemented	GET,POST	yes	yes	no	yes	api-token(Userid)	docs/rewrite/contracts/p0/api/user/edit.md	api	User	edit	用户修改资料	app/api/controller/User.php	104
M2	B1-miniapp	BUSINESS	yes	POST	/api/user/feed_back	/api/user/feed_back.html	implemented	GET,POST	yes	yes	no	yes	api-token(Userid)	docs/rewrite/contracts/p0/api/user/feed_back.md	api	User	feed_back	返回是否成功	app/api/controller/User.php	960
M2	B1-miniapp	BUSINESS	yes	UNKNOWN	/api/user/getCertTypeList	/api/user/getCertTypeList.html	implemented	GET,POST	unknown	yes	yes	no	api-token(Userid)	docs/rewrite/contracts/p0/api/user/getcerttypelist.md	api	User	getCertTypeList		app/api/controller/User.php	1503
M2	B1-miniapp	BUSINESS	yes	UNKNOWN	/api/user/getTouristList	/api/user/getTouristList.html	implemented	GET,POST	unknown	yes	yes	yes	api-token(Userid)	docs/rewrite/contracts/p0/api/user/gettouristlist.md	api	User	getTouristList		app/api/controller/User.php	1510
M2	B1-miniapp	BUSINESS	yes	POST	/api/user/get_user_coupon_id	/api/user/get_user_coupon_id.html	implemented	GET,POST	yes	yes	yes	yes	api-token(Userid)	docs/rewrite/contracts/p0/api/user/get_user_coupon_id.md	api	User	get_user_coupon_id	获取用户所领取的消费券ID集	app/api/controller/User.php	1139
M2	B1-miniapp	BUSINESS	yes	POST	/api/user/hotel_clock	/api/user/hotel_clock.html	implemented	GET,POST	yes	yes	no	yes	api-token(Userid)	docs/rewrite/contracts/p0/api/user/hotel_clock.md	api	User	hotel_clock	游客酒店打卡	app/api/controller/User.php	894
M2	B1-miniapp	BUSINESS	yes	POST	/api/user/index	/api/user/index.html	implemented	GET,POST	yes	yes	no	yes	api-token(Userid)	docs/rewrite/contracts/p0/api/user/index.md	api	User	index	个人中心	app/api/controller/User.php	34
M2	B1-miniapp	BUSINESS	yes	UNKNOWN	/api/user/postTourist	/api/user/postTourist.html	implemented	GET,POST	unknown	yes	no	yes	api-token(Userid)	docs/rewrite/contracts/p0/api/user/posttourist.md	api	User	postTourist		app/api/controller/User.php	1524
M2	B1-miniapp	BUSINESS	yes	POST	/api/user/tour_coupon_group	/api/user/tour_coupon_group.html	implemented	GET,POST	yes	yes	no	yes	api-token(Userid)	docs/rewrite/contracts/p0/api/user/tour_coupon_group.md	api	User	tour_coupon_group	导游-我的团-团体券-详情	app/api/controller/User.php	394
M2	B1-miniapp	BUSINESS	yes	UNKNOWN	/api/user/userClock	/api/user/userClock.html	implemented	GET,POST	unknown	yes	no	yes	api-token(Userid)	docs/rewrite/contracts/p0/api/user/userclock.md	api	User	userClock		app/api/controller/User.php	1726
M2	B1-miniapp	BUSINESS	yes	UNKNOWN	/api/user/writeoff_tour	/api/user/writeoff_tour.html	implemented	GET,POST	unknown	yes	no	yes	api-token(Userid)	docs/rewrite/contracts/p0/api/user/writeoff_tour.md	api	User	writeoff_tour		app/api/controller/User.php	471
M3	B2-jobs	SYSTEM_TASK	no	POST	/api/system/XdataSummary	/api/system/XdataSummary.html	implemented	GET,POST	yes	yes	no	no	api-token(Userid)	docs/rewrite/contracts/p0/api/system/xdatasummary.md	api	System	XdataSummary		app/api/controller/System.php	997
M3	B2-jobs	SYSTEM_TASK	no	UNKNOWN	/api/system/alert_push	/api/system/alert_push.html	implemented	GET,POST	unknown	yes	no	no	api-token(Userid)	docs/rewrite/contracts/p0/api/system/alert_push.md	api	System	alert_push		app/api/controller/System.php	1147
M3	B2-jobs	SYSTEM_TASK	no	UNKNOWN	/api/system/cleanDb	/api/system/cleanDb.html	implemented	GET,POST	unknown	yes	yes	no	api-token(Userid)	docs/rewrite/contracts/p0/api/system/cleandb.md	api	System	cleanDb		app/api/controller/System.php	175
M3	B2-jobs	SYSTEM_TASK	no	UNKNOWN	/api/system/invalid_tour	/api/system/invalid_tour.html	implemented	GET,POST	unknown	yes	no	no	api-token(Userid)	docs/rewrite/contracts/p0/api/system/invalid_tour.md	api	System	invalid_tour		app/api/controller/System.php	1313
M3	B2-jobs	SYSTEM_TASK	no	UNKNOWN	/api/system/notification	/api/system/notification.html	implemented	GET,POST	unknown	yes	yes	no	api-token(Userid)	docs/rewrite/contracts/p0/api/system/notification.md	api	System	notification		app/api/controller/System.php	1233
M3	B2-jobs	SYSTEM_TASK	no	UNKNOWN	/api/system/queryArea	/api/system/queryArea.html	implemented	GET,POST	unknown	yes	yes	no	api-token(Userid)	docs/rewrite/contracts/p0/api/system/queryarea.md	api	System	queryArea		app/api/controller/System.php	493
M3	B2-jobs	SYSTEM_TASK	no	UNKNOWN	/api/system/remake	/api/system/remake.html	implemented	GET,POST	unknown	yes	no	no	api-token(Userid)	docs/rewrite/contracts/p0/api/system/remake.md	api	System	remake		app/api/controller/System.php	541
M3	B2-jobs	SYSTEM_TASK	no	UNKNOWN	/api/system/remake_lxs	/api/system/remake_lxs.html	implemented	GET,POST	unknown	yes	no	no	api-token(Userid)	docs/rewrite/contracts/p0/api/system/remake_lxs.md	api	System	remake_lxs		app/api/controller/System.php	823
M3	B2-jobs	SYSTEM_TASK	no	UNKNOWN	/api/system/remake_ticket	/api/system/remake_ticket.html	implemented	GET,POST	unknown	yes	no	no	api-token(Userid)	docs/rewrite/contracts/p0/api/system/remake_ticket.md	api	System	remake_ticket		app/api/controller/System.php	1319
M3	B2-jobs	SYSTEM_TASK	no	POST	/api/system/rollback_remain_count	/api/system/rollback_remain_count.html	implemented	GET,POST	yes	yes	no	no	api-token(Userid)	docs/rewrite/contracts/p0/api/system/rollback_remain_count.md	api	System	rollback_remain_count	回滚消费券剩余数量	app/api/controller/System.php	31
M3	B2-jobs	SYSTEM_TASK	no	UNKNOWN	/api/system/rollback_remain_count_extend	/api/system/rollback_remain_count_extend.html	implemented	GET,POST	unknown	yes	no	no	api-token(Userid)	docs/rewrite/contracts/p0/api/system/rollback_remain_count_extend.md	api	System	rollback_remain_count_extend		app/api/controller/System.php	94
M3	B2-jobs	SYSTEM_TASK	no	UNKNOWN	/api/system/rollback_set_data	/api/system/rollback_set_data.html	implemented	GET,POST	unknown	yes	no	no	api-token(Userid)	docs/rewrite/contracts/p0/api/system/rollback_set_data.md	api	System	rollback_set_data		app/api/controller/System.php	62
M3	B2-jobs	SYSTEM_TASK	no	POST	/api/system/set_tour_invalid	/api/system/set_tour_invalid.html	implemented	GET,POST	yes	yes	no	no	api-token(Userid)	docs/rewrite/contracts/p0/api/system/set_tour_invalid.md	api	System	set_tour_invalid	团状态等于确认团且不能是无效团的，团期超过当前时间 没有游客  没有导游 没有领券的 将团设置无效	app/api/controller/System.php	124
M3	B2-jobs	SYSTEM_TASK	no	UNKNOWN	/api/system/tableTohtml	/api/system/tableTohtml.html	implemented	GET,POST	unknown	yes	yes	no	api-token(Userid)	docs/rewrite/contracts/p0/api/system/tabletohtml.md	api	System	tableTohtml		app/api/controller/System.php	229
M3	B2-jobs	SYSTEM_TASK	no	UNKNOWN	/api/system/tableTohtml1	/api/system/tableTohtml1.html	implemented	GET,POST	unknown	yes	yes	no	api-token(Userid)	docs/rewrite/contracts/p0/api/system/tabletohtml1.md	api	System	tableTohtml1		app/api/controller/System.php	373
M3	C-remaining	BUSINESS	no	UNKNOWN	/api/coupon/couponissueuser	/api/coupon/couponissueuser.html	implemented	GET,POST	unknown	yes	no	yes	api-token(Userid)	docs/rewrite/contracts/p0/api/coupon/couponissueuser.md	api	Coupon	couponissueuser		app/api/controller/Coupon.php	1300
M3	C-remaining	BUSINESS	no	UNKNOWN	/api/coupon/getIssueCouponList	/api/coupon/getIssueCouponList.html	implemented	GET,POST	unknown	yes	no	yes	api-token(Userid)	docs/rewrite/contracts/p0/api/coupon/getissuecouponlist.md	api	Coupon	getIssueCouponList		app/api/controller/Coupon.php	141
M3	C-remaining	BUSINESS	no	UNKNOWN	/api/coupon/line_detail	/api/coupon/line_detail.html	implemented	GET,POST	unknown	yes	no	no	api-token(Userid)	docs/rewrite/contracts/p0/api/coupon/line_detail.md	api	Coupon	line_detail		app/api/controller/Coupon.php	694
M3	C-remaining	BUSINESS	no	UNKNOWN	/api/coupon/line_list	/api/coupon/line_list.html	implemented	GET,POST	unknown	yes	no	no	api-token(Userid)	docs/rewrite/contracts/p0/api/coupon/line_list.md	api	Coupon	line_list		app/api/controller/Coupon.php	641
M3	C-remaining	BUSINESS	no	UNKNOWN	/api/coupon/list	/api/coupon/list.html	implemented	GET,POST	unknown	yes	no	no	api-token(Userid)	docs/rewrite/contracts/p0/api/coupon/list.md	api	Coupon	list		app/api/controller/Coupon.php	843
M3	C-remaining	BUSINESS	no	POST	/api/coupon/tourwriteofflog	/api/coupon/tourwriteofflog.html	implemented	GET,POST	yes	yes	no	yes	api-token(Userid)	docs/rewrite/contracts/p0/api/coupon/tourwriteofflog.md	api	Coupon	tourwriteofflog	旅行团--核销记录列表	app/api/controller/Coupon.php	1447
M3	C-remaining	BUSINESS	no	UNKNOWN	/api/index/get_area_info	/api/index/get_area_info.html	implemented	GET,POST	unknown	yes	yes	no	api-token(Userid)	docs/rewrite/contracts/p0/api/index/get_area_info.md	api	Index	get_area_info		app/api/controller/Index.php	354
M3	C-remaining	BUSINESS	no	POST	/api/index/jia	/api/index/jia.html	implemented	POST	yes	yes	yes	no	api-token(Userid)	docs/rewrite/contracts/p0/api/index/jia.md	api	Index	jia	返回系统信息	app/api/controller/Index.php	66
M3	C-remaining	BUSINESS	no	POST	/api/index/jie	/api/index/jie.html	implemented	POST	yes	yes	yes	no	api-token(Userid)	docs/rewrite/contracts/p0/api/index/jie.md	api	Index	jie	返回系统信息	app/api/controller/Index.php	78
M3	C-remaining	BUSINESS	no	UNKNOWN	/api/index/login	/api/index/login.html	implemented	GET,POST	unknown	yes	yes	yes	api-token(Userid)	docs/rewrite/contracts/p0/api/index/login.md	api	Index	login		app/api/controller/Index.php	41
M3	C-remaining	BUSINESS	no	POST	/api/index/note_index	/api/index/note_index.html	implemented	POST	yes	yes	yes	no	api-token(Userid)	docs/rewrite/contracts/p0/api/index/note_index.md	api	Index	note_index	公告列表	app/api/controller/Index.php	320
M3	C-remaining	BUSINESS	no	UNKNOWN	/api/index/regeo	/api/index/regeo.html	implemented	GET,POST	unknown	yes	no	no	api-token(Userid)	docs/rewrite/contracts/p0/api/index/regeo.md	api	Index	regeo		app/api/controller/Index.php	451
M3	C-remaining	BUSINESS	no	UNKNOWN	/api/index/set_user_info	/api/index/set_user_info.html	implemented	GET,POST	unknown	yes	no	no	api-token(Userid)	docs/rewrite/contracts/p0/api/index/set_user_info.md	api	Index	set_user_info		app/api/controller/Index.php	363
M3	C-remaining	BUSINESS	no	POST	/api/screen/index	/api/screen/index.html	implemented	POST	yes	yes	no	no	api-token(Userid)	docs/rewrite/contracts/p0/api/screen/index.md	api	Screen	index	图形数据	app/api/controller/Screen.php	62
M3	C-remaining	BUSINESS	no	POST	/api/screen/list	/api/screen/list.html	implemented	POST	yes	yes	yes	yes	api-token(Userid)	docs/rewrite/contracts/p0/api/screen/list.md	api	Screen	list	列表数据	app/api/controller/Screen.php	384
M3	C-remaining	BUSINESS	no	POST	/api/screen/login	/api/screen/login.html	implemented	POST	yes	yes	no	no	api-token(Userid)	docs/rewrite/contracts/p0/api/screen/login.md	api	Screen	login	大屏登录接口，返回 token	app/api/controller/Screen.php	38
M3	C-remaining	BUSINESS	no	POST	/api/seller/bindCheckOpenid	/api/seller/bindCheckOpenid.html	implemented	POST	yes	yes	no	yes	api-token(Userid)	docs/rewrite/contracts/p0/api/seller/bindcheckopenid.md	api	Seller	bindCheckOpenid	返回商家信息	app/api/controller/Seller.php	208
M3	C-remaining	BUSINESS	no	UNKNOWN	/api/test/clb	/api/test/clb.html	implemented	GET,POST	unknown	yes	no	unknown	api-token(Userid)	docs/rewrite/contracts/p0/api/test/clb.md	api	Test	clb		app/api/controller/Test.php	69
M3	C-remaining	BUSINESS	no	UNKNOWN	/api/test/getUserTaohua	/api/test/getUserTaohua.html	implemented	GET,POST	unknown	yes	no	unknown	api-token(Userid)	docs/rewrite/contracts/p0/api/test/getusertaohua.md	api	Test	getUserTaohua		app/api/controller/Test.php	344
M3	C-remaining	BUSINESS	no	UNKNOWN	/api/test/index	/api/test/index.html	implemented	GET,POST	unknown	yes	no	unknown	api-token(Userid)	docs/rewrite/contracts/p0/api/test/index.md	api	Test	index		app/api/controller/Test.php	16
M3	C-remaining	BUSINESS	no	UNKNOWN	/api/test/rsyncTaohua	/api/test/rsyncTaohua.html	implemented	GET,POST	unknown	yes	no	unknown	api-token(Userid)	docs/rewrite/contracts/p0/api/test/rsynctaohua.md	api	Test	rsyncTaohua		app/api/controller/Test.php	105
M3	C-remaining	BUSINESS	no	UNKNOWN	/api/test/rsyncTaohuaSign	/api/test/rsyncTaohuaSign.html	implemented	GET,POST	unknown	yes	no	unknown	api-token(Userid)	docs/rewrite/contracts/p0/api/test/rsynctaohuasign.md	api	Test	rsyncTaohuaSign		app/api/controller/Test.php	215
M3	C-remaining	BUSINESS	no	UNKNOWN	/api/test/syncdb2	/api/test/syncdb2.html	implemented	GET,POST	unknown	yes	no	unknown	api-token(Userid)	docs/rewrite/contracts/p0/api/test/syncdb2.md	api	Test	syncdb2		app/api/controller/Test.php	55
M3	C-remaining	BUSINESS	no	UNKNOWN	/api/test/tokenTaohua	/api/test/tokenTaohua.html	implemented	GET,POST	unknown	yes	no	unknown	api-token(Userid)	docs/rewrite/contracts/p0/api/test/tokentaohua.md	api	Test	tokenTaohua		app/api/controller/Test.php	74
M3	C-remaining	BUSINESS	no	UNKNOWN	/api/ticket/create_file	/api/ticket/create_file.html	implemented	GET,POST	unknown	yes	no	yes	api-token(Userid)	docs/rewrite/contracts/p0/api/ticket/create_file.md	api	Ticket	create_file		app/api/controller/Ticket.php	1110
M3	C-remaining	BUSINESS	no	UNKNOWN	/api/ticket/getTravelOrderDetail	/api/ticket/getTravelOrderDetail.html	implemented	GET,POST	unknown	yes	no	no	api-token(Userid)	docs/rewrite/contracts/p0/api/ticket/gettravelorderdetail.md	api	Ticket	getTravelOrderDetail		app/api/controller/Ticket.php	2037
M3	C-remaining	BUSINESS	no	UNKNOWN	/api/ticket/notify_pay	/api/ticket/notify_pay.html	implemented	POST	unknown	yes	no	no	api-token(Userid)	docs/rewrite/contracts/p0/api/ticket/notify_pay.md	api	Ticket	notify_pay		app/api/controller/Ticket.php	944
M3	C-remaining	BUSINESS	no	UNKNOWN	/api/ticket/travelOrderPay	/api/ticket/travelOrderPay.html	implemented	GET,POST	unknown	yes	no	no	api-token(Userid)	docs/rewrite/contracts/p0/api/ticket/travelorderpay.md	api	Ticket	travelOrderPay		app/api/controller/Ticket.php	2075
M3	C-remaining	BUSINESS	no	UNKNOWN	/api/user/add_sign_record	/api/user/add_sign_record.html	implemented	GET,POST	unknown	yes	no	yes	api-token(Userid)	docs/rewrite/contracts/p0/api/user/add_sign_record.md	api	User	add_sign_record		app/api/controller/User.php	822
M3	C-remaining	BUSINESS	no	POST	/api/user/addguest	/api/user/addguest.html	implemented	POST	yes	yes	no	no	api-token(Userid)	docs/rewrite/contracts/p0/api/user/addguest.md	api	User	addguest	返回是否成功	app/api/controller/User.php	1004
M3	C-remaining	BUSINESS	no	UNKNOWN	/api/user/encryptAES	/api/user/encryptAES.html	implemented	GET,POST	unknown	yes	no	yes	api-token(Userid)	docs/rewrite/contracts/p0/api/user/encryptaes.md	api	User	encryptAES		app/api/controller/User.php	425
M3	C-remaining	BUSINESS	no	UNKNOWN	/api/user/getLogisticsInformation	/api/user/getLogisticsInformation.html	implemented	GET,POST	unknown	yes	no	yes	api-token(Userid)	docs/rewrite/contracts/p0/api/user/getlogisticsinformation.md	api	User	getLogisticsInformation		app/api/controller/User.php	1927
M3	C-remaining	BUSINESS	no	POST	/api/user/guide_tour	/api/user/guide_tour.html	implemented	POST	yes	yes	no	yes	api-token(Userid)	docs/rewrite/contracts/p0/api/user/guide_tour.md	api	User	guide_tour	导游-我的团	app/api/controller/User.php	324
M3	C-remaining	BUSINESS	no	POST	/api/user/hotel_tour	/api/user/hotel_tour.html	implemented	POST	yes	yes	no	yes	api-token(Userid)	docs/rewrite/contracts/p0/api/user/hotel_tour.md	api	User	hotel_tour	导游-我的团-酒店打卡记录	app/api/controller/User.php	351
M3	C-remaining	BUSINESS	no	UNKNOWN	/api/user/saveDelivery	/api/user/saveDelivery.html	implemented	GET,POST	unknown	yes	no	yes	api-token(Userid)	docs/rewrite/contracts/p0/api/user/savedelivery.md	api	User	saveDelivery		app/api/controller/User.php	1842
M3	C-remaining	BUSINESS	no	POST	/api/user/tour_coupon	/api/user/tour_coupon.html	implemented	POST	yes	yes	no	yes	api-token(Userid)	docs/rewrite/contracts/p0/api/user/tour_coupon.md	api	User	tour_coupon	导游-我的团-团体券	app/api/controller/User.php	373
M3	C-remaining	BUSINESS	no	UNKNOWN	/selfservice/index/captcha	/selfservice/index/captcha.html	implemented	GET,POST	unknown	yes	no	no	selfservice-token(No)	docs/rewrite/contracts/p0/selfservice/index/captcha.md	selfservice	Index	captcha		app/selfservice/controller/Index.php	54
M3	C-remaining	BUSINESS	no	POST	/selfservice/index/selflogin	/selfservice/index/selflogin.html	implemented	POST	yes	yes	no	no	selfservice-token(No)	docs/rewrite/contracts/p0/selfservice/index/selflogin.md	selfservice	Index	selflogin	系统登录接口，返回 token 用于操作需验证身份的接口	app/selfservice/controller/Index.php	64
M3	C-remaining	BUSINESS	no	UNKNOWN	/selfservice/ticket/getTicketPirce	/selfservice/ticket/getTicketPirce.html	implemented	GET,POST	unknown	yes	no	yes	selfservice-token(No)	docs/rewrite/contracts/p0/selfservice/ticket/getticketpirce.md	selfservice	Ticket	getTicketPirce		app/selfservice/controller/Ticket.php	389
M3	C-remaining	BUSINESS	no	UNKNOWN	/selfservice/ticket/getTradeNo	/selfservice/ticket/getTradeNo.html	implemented	GET,POST	unknown	yes	no	yes	selfservice-token(No)	docs/rewrite/contracts/p0/selfservice/ticket/gettradeno.md	selfservice	Ticket	getTradeNo		app/selfservice/controller/Ticket.php	432
M3	C-remaining	BUSINESS	no	UNKNOWN	/selfservice/ticket/getTravelWxappQrcode	/selfservice/ticket/getTravelWxappQrcode.html	implemented	GET,POST	unknown	yes	no	yes	selfservice-token(No)	docs/rewrite/contracts/p0/selfservice/ticket/gettravelwxappqrcode.md	selfservice	Ticket	getTravelWxappQrcode		app/selfservice/controller/Ticket.php	285
M3	C-remaining	BUSINESS	no	UNKNOWN	/selfservice/ticket/queryOrder	/selfservice/ticket/queryOrder.html	implemented	GET,POST	unknown	yes	no	no	selfservice-token(No)	docs/rewrite/contracts/p0/selfservice/ticket/queryorder.md	selfservice	Ticket	queryOrder		app/selfservice/controller/Ticket.php	480
M3	C-remaining	BUSINESS	no	UNKNOWN	/selfservice/ticket/queryTourist	/selfservice/ticket/queryTourist.html	implemented	GET,POST	unknown	yes	no	yes	selfservice-token(No)	docs/rewrite/contracts/p0/selfservice/ticket/querytourist.md	selfservice	Ticket	queryTourist		app/selfservice/controller/Ticket.php	448
M3	C-remaining	BUSINESS	no	POST	/selfservice/ticket/submit	/selfservice/ticket/submit.html	implemented	POST	yes	yes	no	no	selfservice-token(No)	docs/rewrite/contracts/p0/selfservice/ticket/submit.md	selfservice	Ticket	submit	提交订单	app/selfservice/controller/Ticket.php	55
M3	C-remaining	BUSINESS	no	UNKNOWN	/selfservice/ticket/takeTicket	/selfservice/ticket/takeTicket.html	implemented	GET,POST	unknown	yes	no	yes	selfservice-token(No)	docs/rewrite/contracts/p0/selfservice/ticket/taketicket.md	selfservice	Ticket	takeTicket		app/selfservice/controller/Ticket.php	504
M3	C-remaining	BUSINESS	no	UNKNOWN	/selfservice/ticket/travelOrderPay	/selfservice/ticket/travelOrderPay.html	implemented	GET,POST	unknown	yes	no	no	selfservice-token(No)	docs/rewrite/contracts/p0/selfservice/ticket/travelorderpay.md	selfservice	Ticket	travelOrderPay		app/selfservice/controller/Ticket.php	334
M3	C-remaining	BUSINESS	no	UNKNOWN	/window/index/captcha	/window/index/captcha.html	implemented	GET,POST	unknown	yes	no	no	window-token(Uuid)	docs/rewrite/contracts/p0/window/index/captcha.md	window	Index	captcha		app/window/controller/Index.php	86
M3	C-remaining	BUSINESS	no	POST	/window/index/system	/window/index/system.html	implemented	POST	yes	yes	no	no	window-token(Uuid)	docs/rewrite/contracts/p0/window/index/system.md	window	Index	system	返回系统信息	app/window/controller/Index.php	58
M3	C-remaining	BUSINESS	no	POST	/window/index/winlogin	/window/index/winlogin.html	implemented	POST	yes	yes	no	no	window-token(Uuid)	docs/rewrite/contracts/p0/window/index/winlogin.md	window	Index	winlogin	系统登录接口，返回 token 用于操作需验证身份的接口	app/window/controller/Index.php	96
M3	C-remaining	BUSINESS	no	POST	/window/ticket/detail	/window/ticket/detail.html	implemented	POST	yes	yes	no	yes	window-token(Uuid)	docs/rewrite/contracts/p0/window/ticket/detail.md	window	Ticket	detail	订单详情	app/window/controller/Ticket.php	421
M3	C-remaining	BUSINESS	no	UNKNOWN	/window/ticket/getTicketPirce	/window/ticket/getTicketPirce.html	implemented	GET,POST	unknown	yes	no	yes	window-token(Uuid)	docs/rewrite/contracts/p0/window/ticket/getticketpirce.md	window	Ticket	getTicketPirce		app/window/controller/Ticket.php	312
M3	C-remaining	BUSINESS	no	POST	/window/ticket/list	/window/ticket/list.html	implemented	POST	yes	yes	no	yes	window-token(Uuid)	docs/rewrite/contracts/p0/window/ticket/list.md	window	Ticket	list	获取订单列表	app/window/controller/Ticket.php	353
M3	C-remaining	BUSINESS	no	POST	/window/ticket/pay	/window/ticket/pay.html	implemented	POST	yes	yes	no	yes	window-token(Uuid)	docs/rewrite/contracts/p0/window/ticket/pay.md	window	Ticket	pay	提交订单	app/window/controller/Ticket.php	55
M3	C-remaining	BUSINESS	no	UNKNOWN	/window/ticket/queryOrder	/window/ticket/queryOrder.html	implemented	GET,POST	unknown	yes	no	yes	window-token(Uuid)	docs/rewrite/contracts/p0/window/ticket/queryorder.md	window	Ticket	queryOrder		app/window/controller/Ticket.php	565
M3	C-remaining	BUSINESS	no	UNKNOWN	/window/ticket/queryTourist	/window/ticket/queryTourist.html	implemented	GET,POST	unknown	yes	no	yes	window-token(Uuid)	docs/rewrite/contracts/p0/window/ticket/querytourist.md	window	Ticket	queryTourist		app/window/controller/Ticket.php	533
M3	C-remaining	BUSINESS	no	POST	/window/ticket/stats	/window/ticket/stats.html	implemented	POST	yes	yes	no	no	window-token(Uuid)	docs/rewrite/contracts/p0/window/ticket/stats.md	window	Ticket	stats	报表统计	app/window/controller/Ticket.php	451
M3	C-remaining	BUSINESS	no	UNKNOWN	/window/ticket/takeTicket	/window/ticket/takeTicket.html	implemented	GET,POST	unknown	yes	no	yes	window-token(Uuid)	docs/rewrite/contracts/p0/window/ticket/taketicket.md	window	Ticket	takeTicket		app/window/controller/Ticket.php	589
